{"cameraMode":{"drawMode":0,"name":"Shaded","section":"Shading Mode"},"sceneLighting":false,"audioPlay":false,"sceneViewState":{"m_AlwaysRefresh":false,"showFog":false,"showSkybox":false,"showFlares":false,"showImageEffects":false,"showParticleSystems":false,"showVisualEffectGraphs":true,"m_FxEnabled":true},"in2DMode":false,"pivot":{"x":-3.5135345458984377,"y":1.779121994972229,"z":0.8105072975158691},"rotation":{"x":0.007886195555329323,"y":-0.7036644220352173,"z":0.007808254100382328,"w":0.7104495763778687},"size":5.146239280700684,"orthographic":false}