{"cameraMode":{"drawMode":0,"name":"Shaded","section":"Shading Mode"},"sceneLighting":false,"audioPlay":false,"sceneViewState":{"m_AlwaysRefresh":false,"showFog":false,"showSkybox":false,"showFlares":false,"showImageEffects":false,"showParticleSystems":false,"showVisualEffectGraphs":true,"m_FxEnabled":true},"in2DMode":false,"pivot":{"x":0.00546187162399292,"y":0.01695631444454193,"z":0.06273382157087326},"rotation":{"x":0.05269274860620499,"y":-0.7170271873474121,"z":0.054524511098861697,"w":0.6929131746292114},"size":0.5031698942184448,"orthographic":true}